{
	"format_version": "1.8.0",
	"animations": {
		"animation.decoy_block.flying": {
			"loop": true,
			"animation_length": 0.96,
			"bones": {
				"cube": {
					"rotation": {
						"0.0": [0, 0, 0],
						"0.12": [-33.40659, 12.60837, -8.19252],
						"0.2": [-32.40825, 12.50013, 20.17825],
						"0.24": [-34.4207, 2.13707, 18.49311],
						"0.36": [-62.24165, 5.45332, 2.24975],
						"0.48": [-83.59283, -10.95916, -22.39029],
						"0.64": [-125.4577, -11.94415, -89.52638],
						"0.76": [-156.1579, 4.82823, -151.31448],
						"0.88": [-181.4167, 15.06111, -179.84552],
						"0.96": [-181.3694, 2.56477, -179.53861]
					},
					"position": {
						"0.0": [0, 0, 0],
						"0.24": [0, 0, 0],
						"0.36": [0, 2, 0],
						"0.64": [0, -2, 0],
						"0.84": [0, 2, 0],
						"0.96": [0, 0, 0]
					}
				}
			}
		},
		"animation.decoy_block.flying2": {
			"loop": true,
			"animation_length": 2.36,
			"bones": {
				"cube": {
					"rotation": {
						"0.0": [0, 0, 0],
						"0.24": [0, -12.5, -27.5],
						"0.48": [23.48749, -28.72851, -54.86363],
						"0.64": [-8.31074, -68.17892, -36.30106],
						"0.68": [-7.80936, -81.59154, -37.58524],
						"0.8": [77.55899, -44.77719, -143.89139],
						"1.04": [153.91943, -40.68466, -195.51389],
						"1.12": [175.44752, -51.1632, -199.26709],
						"1.28": [196.1053, -61.15093, -160.12652],
						"1.4": [215.59753, -56.17764, -189.66238],
						"1.68": [130.59753, -56.17764, -189.66238],
						"2.0": [109.13987, -29.7411, -100.4095],
						"2.36": [0, 0, 0]
					},
					"position": {
						"0.0": [0, 0, 0],
						"0.24": [0, 3, 0],
						"0.48": [-9, 6, 0],
						"0.64": [0, 6, 0],
						"1.28": [0, 6, 0],
						"1.4": [0, 11, 0],
						"1.68": [0, 5, 0],
						"2.0": [0, 5, 0],
						"2.36": [0, 0, 0]
					}
				}
			}
		}
	}
}